lower,upper
1212,1226
1227,1241
1242,1262
1263,1286
1287,1310
1311,1333
1334,1364
1365,1399
1400,1435
1436,1471
1472,1508
1509,1546
1547,1585
1586,1625
1626,1666
1667,1708
1709,1751
1752,1795
1796,1840
1841,1887
1888,1935
1936,1984
1985,2034
2035,2085
2086,2138
2139,2192
2193,2244
2245,2300
2301,2358
2359,2417
2418,2478
2479,2540
2541,2604
2605,2670
2671,2737
2738,2874
2875,3018
3019,3169
3170,3328
3329,3495
3496,3670
3671,3854
3855,4047
4048,4250
4251,4463
4464,4687
4688,4922
4923,5169
5170,5428
5429,5700
5701,5986
5987,6585
6586,7244
7245,7969
7970,8767
8768,9644
9645,10609
10610,11671
11672,12839
12840,14124
14125,15537
15538,17091
17092,18801
18802,20682
20683,22751
22752,25027
25028,27530
27531,30284
30285,33313
33314,36645
36646,40310
40311,44342
44343,48777
48778,53655
53656,59021
59022,64924
64925,71417
71418,78559
78560,86416
86417,95058
95059,104564
104565,115021
115022,126524
126525,139177
139178,153095
153096,168405
168406,185246
185247,199999
